{"snowman":[0,0,25.333333333333332,36],"mvampire":[0,0,26,36],"fvampire":[78,0,26,36],"target_a500":[0,0,26,36],"target_a750":[78,0,26,36],"target_r500":[156,0,26,36],"target_r750":[234,0,26,36],"target_ar900":[0,144,26,36],"target_ar500red":[78,144,26,36],"target":[234,144,26,36],"mm_blue":[0,0,26,36],"mf_blue":[78,0,26,36],"mm_yellow":[156,0,26,36],"mf_yellow":[234,0,26,36],"hair100":[0,0,27,30],"hair101":[27,0,27,30],"hair102":[54,0,27,30],"hair103":[81,0,27,30],"hair104":[108,0,27,30],"hair105":[135,0,27,30],"hair106":[162,0,27,30],"hair107":[189,0,27,30],"hair108":[216,0,27,30],"hair109":[243,0,27,30],"hair110":[270,0,27,30],"hair111":[297,0,27,30],"hair112":[324,0,27,30],"hair113":[351,0,27,30],"hair114":[378,0,27,30],"hair115":[405,0,27,30],"hair116":[432,0,27,30],"hair117":[459,0,27,30],"hair118":[486,0,27,30],"hair119":[513,0,27,30],"hair120":[540,0,27,30],"hair121":[567,0,27,30],"hair122":[594,0,27,30],"hair123":[621,0,27,30],"hair124":[648,0,27,30],"mrpumpkin":[0,0,26.666666666666668,36],"redwings_full":[0,0,58.666666666666664,64],"c1":[0,0,48,48],"c2":[48,0,48,48],"c3":[96,0,48,48],"c4":[144,0,48,48],"b1":[192,0,48,48],"r1":[240,0,48,48],"rr1":[288,0,48,48],"dp1":[336,0,48,48],"m1":[0,48,48,48],"m2":[48,48,48,48],"m3":[96,48,48,48],"m4":[144,48,48,48],"b2":[192,48,48,48],"br1":[240,48,48,48],"o1":[288,48,48,48],"j1":[336,48,48,48],"bangel":[114,0,38,36],"snow_angel":[114,0,38,36],"creator":[0,144,38,36],"deepsea":[0,0,106,80],"greenfairy":[0,0,26,36],"redfairy":[78,0,26,36],"bluefairy":[156,0,26,36],"darkfairy":[234,0,26,36],"minimush":[0,0,60,64],"midimush":[180,0,60,64],"plantoid":[360,0,60,64],"uglyplant":[540,0,60,64],"iceroamer":[0,256,60,64],"fireroamer":[180,256,60,64],"chestm":[360,256,60,64],"chestx":[540,256,60,64],"redwings":[0,0,37,36],"angelwings":[37,0,37,36],"batwings":[74,0,37,36],"ship":[0,0,67,64],"fancyd":[0,144,26,36],"sir":[0,0,26,36],"naked":[156,144,26,36],"daisy":[0,0,26,36],"robbie":[234,144,26,36],"hen":[0,0,42,36],"rooster":[126,0,42,36],"jr":[0,0,25.833333333333332,36],"greenjr":[77.5,0,25.833333333333332,36],"mranger":[156,144,26,36],"holo":[234,144,26,36],"hair300":[0,0,27,36],"hair301":[27,0,27,36],"hair302":[54,0,27,36],"hair303":[81,0,27,36],"hair304":[108,0,27,36],"hair305":[135,0,27,36],"hair306":[162,0,27,36],"hair307":[189,0,27,36],"hair308":[216,0,27,36],"hair309":[243,0,27,36],"hair310":[270,0,27,36],"hair311":[297,0,27,36],"hair312":[324,0,27,36],"hair313":[351,0,27,36],"hair314":[378,0,27,36],"hair315":[405,0,27,36],"hair316":[432,0,27,36],"hair317":[459,0,27,36],"hair318":[486,0,27,36],"hair319":[513,0,27,36],"hair320":[540,0,27,36],"hair321":[567,0,27,36],"hair322":[594,0,27,36],"hair323":[621,0,27,36],"hair324":[648,0,27,36],"hair325":[675,0,27,36],"hair326":[702,0,27,36],"hair327":[729,0,27,36],"hair328":[756,0,27,36],"hair329":[783,0,27,36],"hair330":[810,0,27,36],"hair331":[837,0,27,36],"hair332":[864,0,27,36],"hair333":[891,0,27,36],"hair334":[918,0,27,36],"hair335":[945,0,27,36],"hair336":[972,0,27,36],"hair337":[999,0,27,36],"hair338":[1026,0,27,36],"hair339":[1053,0,27,36],"hair340":[1080,0,27,36],"gcitizen":[0,0,26,36],"oldcitizen":[78,0,26,36],"fisherman":[0,144,26,36],"gemmerchant":[156,144,26,36],"showoff":[0,0,26,36],"fmerchant":[78,0,26,36],"npc63":[156,0,26,36],"llady":[234,0,26,36],"renaldo":[0,144,26,36],"lucy":[156,144,26,36],"npcc":[0,0,26,36],"lmerchant":[78,0,26,36],"mmerchant":[156,0,26,36],"purplelady":[234,0,26,36],"lady1":[0,0,26,36],"lady2":[78,0,26,36],"gabrielle":[156,0,26,36],"gabriella":[234,0,26,36],"lady3":[0,144,26,36],"lady4":[156,144,26,36],"gravestone":[0,0,16,32],"goldengrave":[16,0,16,32],"dknight2":[0,0,47,50],"puppy1":[0,0,26,36],"puppy2":[78,0,26,36],"puppy3":[156,0,26,36],"puppy4":[234,0,26,36],"kitty1":[0,144,26,36],"kitty2":[78,144,26,36],"kitty3":[156,144,26,36],"kitty4":[234,144,26,36],"stompy":[0,0,47,50],"porcupine":[0,144,42,36],"baron":[156,0,26,36],"body3a":[0,0,27,36],"body3b":[81,0,27,36],"body3c":[162,0,27,36],"body3d":[243,0,27,36],"body3e":[0,144,27,36],"body3f":[81,144,27,36],"body3g":[162,144,27,36],"body3h":[243,144,27,36],"franger":[156,0,26,36],"lilith":[234,0,26,36],"frogue":[156,144,26,36],"thief":[156,0,26,36],"fxrogue":[234,0,26,36],"generalg":[156,144,26,36],"prince":[234,144,26,36],"wolf":[0,0,65,66],"grogue":[156,0,26,36],"shadow":[0,144,26,36],"angel":[78,144,26,36],"frozenrogue":[0,0,26,36],"fmage":[156,0,26,36],"marven":[0,144,26,36],"fwarrior":[78,144,26,36],"blingbling":[156,144,26,36],"lionsuit":[234,144,26,36],"mwarrior":[0,0,26,36],"mnwarrior":[78,0,26,36],"mwarrior_cool":[156,0,26,36],"fpaladin":[234,0,26,36],"fkid":[0,144,26,36],"redhead":[78,144,26,36],"mrogue":[156,144,26,36],"mpaladin_kid":[234,144,26,36],"pink":[0,0,26,36],"splithair":[78,0,26,36],"wizard":[156,0,26,36],"pwincess":[234,0,26,36],"greencap":[0,144,26,36],"nexus":[78,0,26,36],"mrgreen":[0,0,26.666666666666668,36],"ligerx":[0,0,50,46],"prat":[0,0,58.666666666666664,64],"vpompom":[176,0,58.666666666666664,64],"spompom":[352,0,58.666666666666664,64],"mighty":[528,0,58.666666666666664,64],"slither":[0,256,58.666666666666664,64],"deadgob":[176,256,58.666666666666664,64],"pinkgob":[352,256,58.666666666666664,64],"red":[528,256,58.666666666666664,64],"boar":[0,0,65,66],"franky":[0,0,25.333333333333332,36],"scarf":[78,0,26,36],"twig":[234,144,26,36],"asoldier":[78,144,26,36],"bobo":[234,0,26,36],"json":[0,0,61,57],"wizbody":[0,0,27,36],"hair200":[0,0,27,36],"hair201":[27,0,27,36],"hair202":[54,0,27,36],"hair203":[81,0,27,36],"hair204":[108,0,27,36],"hair205":[135,0,27,36],"hair206":[162,0,27,36],"hair207":[189,0,27,36],"hair208":[216,0,27,36],"hair209":[243,0,27,36],"hair210":[270,0,27,36],"hair211":[297,0,27,36],"hair212":[324,0,27,36],"hair213":[351,0,27,36],"hair214":[378,0,27,36],"hair215":[405,0,27,36],"hair216":[432,0,27,36],"hair217":[459,0,27,36],"hair218":[486,0,27,36],"hair219":[513,0,27,36],"hair220":[540,0,27,36],"hair221":[567,0,27,36],"hair222":[594,0,27,36],"hair223":[621,0,27,36],"hair224":[648,0,27,36],"hair225":[675,0,27,36],"hair226":[702,0,27,36],"hair227":[729,0,27,36],"hair228":[756,0,27,36],"hair229":[783,0,27,36],"hair230":[810,0,27,36],"hair231":[837,0,27,36],"hair232":[864,0,27,36],"hair233":[891,0,27,36],"hair234":[918,0,27,36],"hair235":[945,0,27,36],"hair236":[972,0,27,36],"hair237":[999,0,27,36],"hair238":[1026,0,27,36],"hair239":[1053,0,27,36],"hair240":[1080,0,27,36],"thehelmet":[234,0,26,36],"mpriest":[78,144,26,36],"reaper":[156,144,26,36],"goblin":[234,144,26,36],"xmas_tree":[0,0,48,64],"jsonx":[0,0,47,50],"chestp":[0,0,42,36],"chest1":[42,0,42,36],"chest2":[168,0,42,36],"chest3":[294,0,42,36],"chest4":[420,0,42,36],"chest5":[42,144,42,36],"chest6":[168,144,42,36],"chest7":[294,144,42,36],"chest8":[420,144,42,36],"ghost":[0,0,60,64],"skeletor":[540,0,60,64],"crab":[0,0,60,64],"tortoise":[180,0,60,64],"squig":[360,0,60,64],"croc":[540,0,60,64],"frog":[0,256,60,64],"squigtoad":[180,256,60,64],"poisio":[360,256,60,64],"armadillo":[540,256,60,64],"goo":[0,0,60,64],"rat":[180,0,60,64],"spider":[360,0,60,64],"scorpion":[540,0,60,64],"bloodworm":[0,256,60,64],"snake":[180,256,60,64],"bee":[360,256,60,64],"bat":[540,256,60,64],"wolfie":[0,0,65,66],"body1a":[0,0,27,36],"body1b":[81,0,27,36],"body1c":[162,0,27,36],"body1d":[243,0,27,36],"body1e":[0,144,27,36],"body1f":[81,144,27,36],"body1g":[162,144,27,36],"body1h":[243,144,27,36],"mummy":[156,0,26,36],"booboo":[234,0,26,36],"oneeye":[0,0,52,53],"body2a":[0,0,27,36],"body2b":[81,0,27,36],"body2c":[162,0,27,36],"body2d":[243,0,27,36],"body2e":[0,144,27,36],"body2f":[81,144,27,36],"body2g":[162,144,27,36],"body2h":[243,144,27,36],"body5a":[0,0,27,36],"body5b":[81,0,27,36],"body5c":[162,0,27,36],"body5d":[243,0,27,36],"body5e":[0,144,27,36],"body5f":[81,144,27,36],"body5g":[162,144,27,36],"body5h":[243,144,27,36],"body4a":[0,0,27,36],"body4b":[81,0,27,36],"body4c":[162,0,27,36],"body4d":[243,0,27,36],"body4e":[0,144,27,36],"body4f":[81,144,27,36],"body4g":[162,144,27,36],