{
  "snowman": [
    0,
    0,
    25.333333333333332,
    36
  ],
  "dknight2": [
    0,
    0,
    47,
    50
  ],
  "jr": [
    0,
    0,
    25.833333333333332,
    36
  ],
  "greenjr": [
    77.5,
    0,
    25.833333333333332,
    36
  ],
  "creator": [
    0,
    0,
    58.666666666666664,
    64
  ],
  "geekgirl": [
    0,
    150,
    47,
    50
  ],
  "exchanger": [
    141,
    250,
    47,
    50
  ],
  "newupgrade": [
    141,
    350,
    47,
    50
  ],
  "mwarrior2": [
    0,
    0,
    26,
    36
  ],
  "mranger2": [
    78,
    0,
    26,
    36
  ],
  "fpriest": [
    156,
    0,
    26,
    36
  ],
  "trexw": [
    234,
    0,
    26,
    36
  ],
  "showoffi": [
    0,
    144,
    26,
    36
  ],
  "bpri": [
    78,
    144,
    26,
    36
  ],
  "mmage": [
    156,
    144,
    26,
    36
  ],
  "enterrr": [
    234,
    144,
    26,
    36
  ],
  "trexp": [
    0,
    0,
    26,
    36
  ],
  "potiongirl": [
    78,
    144,
    26,
    36
  ],
  "j2": [
    156,
    144,
    26,
    36
  ],
  "cgoo": [
    0,
    0,
    60,
    64
  ],
  "crabx": [
    180,
    0,
    60,
    64
  ],
  "bbpompom": [
    360,
    0,
    60,
    64
  ],
  "gscorpion": [
    540,
    0,
    60,
    64
  ],
  "osnake": [
    0,
    256,
    60,
    64
  ],
  "mole": [
    180,
    256,
    60,
    64
  ],
  "xscorpion": [
    360,
    256,
    60,
    64
  ],
  "arcticbee": [
    540,
    256,
    60,
    64
  ],
  "mranger": [
    156,
    144,
    26,
    36
  ],
  "holo": [
    234,
    144,
    26,
    36
  ],
  "boar": [
    0,
    0,
    65,
    66
  ],
  "gcitizen": [
    0,
    0,
    26,
    36
  ],
  "oldcitizen": [
    78,
    0,
    26,
    36
  ],
  "fisherman": [
    0,
    144,
    26,
    36
  ],
  "gemmerchant": [
    156,
    144,
    26,
    36
  ],
  "crab": [
    0,
    0,
    60,
    64
  ],
  "tortoise": [
    180,
    0,
    60,
    64
  ],
  "squig": [
    360,
    0,
    60,
    64
  ],
  "croc": [
    540,
    0,
    60,
    64
  ],
  "frog": [
    0,
    256,
    60,
    64
  ],
  "squigtoad": [
    180,
    256,
    60,
    64
  ],
  "poisio": [
    360,
    256,
    60,
    64
  ],
  "armadillo": [
    540,
    256,
    60,
    64
  ],
  "snow_angel": [
    0,
    0,
    37.333333333333336,
    36
  ],
  "npcc": [
    0,
    0,
    26,
    36
  ],
  "lmerchant": [
    78,
    0,
    26,
    36
  ],
  "mmerchant": [
    156,
    0,
    26,
    36
  ],
  "purplelady": [
    234,
    0,
    26,
    36
  ],
  "lady1": [
    0,
    0,
    26,
    36
  ],
  "lady2": [
    78,
    0,
    26,
    36
  ],
  "gabrielle": [
    156,
    0,
    26,
    36
  ],
  "gabriella": [
    234,
    0,
    26,
    36
  ],
  "lady3": [
    0,
    144,
    26,
    36
  ],
  "lady4": [
    156,
    144,
    26,
    36
  ],
  "target_a500": [
    0,
    0,
    26,
    36
  ],
  "target_a750": [
    78,
    0,
    26,
    36
  ],
  "target_r500": [
    156,
    0,
    26,
    36
  ],
  "target_r750": [
    234,
    0,
    26,
    36
  ],
  "target_ar900": [
    0,
    144,
    26,
    36
  ],
  "target_ar500red": [
    78,
    144,
    26,
    36
  ],
  "target": [
    234,
    144,
    26,
    36
  ],
  "mm_blue": [
    0,
    0,
    26,
    36
  ],
  "mf_blue": [
    78,
    0,
    26,
    36
  ],
  "mm_yellow": [
    156,
    0,
    26,
    36
  ],
  "mf_yellow": [
    234,
    0,
    26,
    36
  ],
  "chest1": [
    0,
    0,
    42,
    36
  ],
  "chest2": [
    126,
    0,
    42,
    36
  ],
  "chest3": [
    252,
    0,
    42,
    36
  ],
  "chest4": [
    378,
    0,
    42,
    36
  ],
  "chest5": [
    0,
    144,
    42,
    36
  ],
  "chest6": [
    126,
    144,
    42,
    36
  ],
  "chest7": [
    252,
    144,
    42,
    36
  ],
  "chest8": [
    378,
    144,
    42,
    36
  ],
  "mrpumpkin": [
    0,
    0,
    26.666666666666668,
    36
  ],
  "nexus": [
    78,
    0,
    26,
    36
  ],
  "minimush": [
    0,
    0,
    60,
    64
  ],
  "midimush": [
    180,
    0,
    60,
    64
  ],
  "plantoid": [
    360,
    0,
    60,
    64
  ],
  "uglyplant": [
    540,
    0,
    60,
    64
  ],
  "iceroamer": [
    0,
    256,
    60,
    64
  ],
  "fireroamer": [
    180,
    256,
    60,
    64
  ],
  "chestm": [
    360,
    256,
    60,
    64
  ],
  "chestx": [
    540,
    256,
    60,
    64
  ],
  "santa": [
    0,
    0,
    47,
    50
  ],
  "brewingwitch": [
    0,
    50,
    47,
    50
  ],
  "rudolph": [
    0,
    0,
    65,
    66
  ],
  "pinkgooi": [
    0,
    0,
    60,
    64
  ],
  "pinkgoo": [
    180,
    0,
    60,
    64
  ],
  "goldenbat": [
    0,
    256,
    60,
    64
  ],
  "wabbit": [
    180,
    256,
    60,
    64
  ],
  "stoneworm": [
    540,
    256,
    60,
    64
  ],
  "json": [
    0,
    0,
    61,
    57
  ],
  "m1": [
    0,
    0,
    10.666666666666666,
    50
  ],
  "goo": [
    0,
    0,
    60,
    64
  ],
  "rat": [
    180,
    0,
    60,
    64
  ],
  "spider": [
    360,
    0,
    60,
    64
  ],
  "scorpion": [
    540,
    0,
    60,
    64
  ],
  "bloodworm": [
    0,
    256,
    60,
    64
  ],
  "snake": [
    180,
    256,
    60,
    64
  ],
  "bee": [
    360,
    256,
    60,
    64
  ],
  "bat": [
    540,
    256,
    60,
    64
  ],
  "bigbird": [
    0,
    0,
    61,
    57
  ],
  "armorguy": [
    0,
    0,
    47,
    50
  ],
  "zengirl": [
    141,
    0,
    47,
    50
  ],
  "goblin_a": [
    141,
    150,
    47,
    50
  ],
  "tf_pink": [
    0,
    0,
    26,
    36
  ],
  "tf_blue": [
    78,
    0,
    26,
    36
  ],
  "tf_green": [
    156,
    0,
    26,
    36
  ],
  "tf_orange": [
    234,
    0,
    26,
    36
  ],
  "tf_purple": [
    0,
    144,
    26,
    36
  ],
  "tm_red": [
    0,
    0,
    26,
    36
  ],
  "tm_brown": [
    78,
    0,
    26,
    36
  ],
  "tm_yellow": [
    156,
    0,
    26,
    36
  ],
  "tm_green": [
    234,
    0,
    26,
    36
  ],
  "tm_gray": [
    0,
    144,
    26,
    36
  ],
  "tm_blue": [
    78,
    144,
    26,
    36
  ],
  "tm_purple": [
    156,
    144,
    26,
    36
  ],
  "tm_white": [
    234,
    144,
    26,
    36
  ],
  "ghost": [
    0,
    0,
    60,
    64
  ],
  "skeletor": [
    540,
    0,
    60,
    64
  ],
  "mrgreen": [
    0,
    0,
    26.666666666666668,
    36
  ],
  "pflow": [
    141,
    0,
    47,
    50
  ],
  "sidesword": [
    282,
    0,
    47,
    50
  ],
  "flute": [
    423,
    0,
    47,
    50
  ],
  "fancypots": [
    141,
    50,
    47,
    50
  ],
  "pike": [
    282,
    50,
    47,
    50
  ],
  "doublesword": [
    423,
    50,
    47,
    50
  ],
  "daggers": [
    282,
    100,
    47,
    50
  ],
  "hammer": [
    423,
    100,
    47,
    50
  ],
  "swdagger": [
    282,
    150,
    47,
    50
  ],
  "miniharp": [
    423,
    150,
    47,
    50
  ],
  "bow": [
    0,
    200,
    47,
    50
  ],
  "spell": [
    141,
    200,
    47,
    50
  ],
  "powerup": [
    282,
    200,
    47,
    50
  ],
  "magic": [
    423,
    200,
    47,
    50
  ],
  "bow2": [
    0,
    250,
    47,
    50
  ],
  "sth1": [
    141,
    250,
    47,
    50
  ],
  "tricks": [
    282,
    250,
    47,
    50
  ],
  "yellowlady": [
    423,
    250,
    47,
    50
  ],
  "praise": [
    0,
    300,
    47,
    50
  ],
  "drunk": [
    141,
    300,
    47,
    50
  ],
  "hairs": [
    282,
    300,
    47,
    50
  ],
  "yellowwarrior": [
    423,
    300,
    47,
    50
  ],
  "femalesword": [
    0,
    350,
    47,
    50
  ],
  "femalelongsword": [
    141,
    350,
    47,
    50
  ],
  "scrolls": [
    282,
    350,
    47,
    50
  ],
  "double-axe": [
    423,
    350,
    47,
    50
  ],
  "mummy": [
    156,
    0,
    26,
    36
  ],
  "booboo": [
    234,
    0,
    26,
    36
  ],
  "wolf": [
    0,
    0,
    65,
    66
  ],
  "mvampire": [
    0,
    0,
    26,
    36
  ],
  "fvampire": [
    78,
    0,
    26,
    36
  ],
  "xmas_tree": [
    0,
    0,
    48,
    64
  ],
  "greenfairy": [
    0,
    0,
    26,
    36
  ],